{
  "nodes": [
    [
      0.37775493377007746,
      0.9482771742829111
    ],
    [
      -0.6200401303184511,
      0.7750302533026897
    ],
    [
      -1.1504162001757702e-16,
      4.852655182638844e-16
    ],
    [
      -1.0101095896429646,
      -0.14699321809165936
    ],
    [
      -0.36117582290239386,
      -0.9244856308729361
    ],
    [
      0.6323546558728843,
      -0.8012839561912499
    ],
    [
      0.9812159532208443,
      0.14945537757024735
    ],
    [
      0.0868325812749777,
      0.5633829887148876
    ],
    [
      -0.5313202709245827,
      -0.20649227309713863
    ],
    [
      0.44448768964960816,
      -0.3568907156177524
    ]
  ],
  "edges": [
    [
      0,
      1
    ],
    [
      0,
      2
    ],
    [
      0,
      6
    ],
    [
      1,
      2
    ],
    [
      1,
      3
    ],
    [
      1,
      8
    ],
    [
      2,
      3
    ],
    [
      2,
      4
    ],
    [
      2,
      5
    ],
    [
      2,
      6
    ],
    [
      3,
      4
    ],
    [
      4,
      5
    ],
    [
      4,
      9
    ],
    [
      5,
      6
    ],
    [
      6,
      7
    ],
    [
      7,
      8
    ],
    [
      7,
      9
    ],
    [
      8,
      9
    ]
  ]
}