{
  "nodes": [
    [
      0.2468977414479261,
      0.7525764328292806
    ],
    [
      -0.7392504939861078,
      0.5745419711776291
    ],
    [
      -0.6688909291350876,
      -0.4248337441964304
    ],
    [
      0.8691418506092641,
      -0.04133173202845932
    ],
    [
      0.25412321482021527,
      -0.8315025804450114
    ],
    [
      0.15344140717234658,
      0.15872977423928478
    ],
    [
      -0.11546279092855677,
      -0.18818012157629338
    ]
  ],
  "edges": [
    [
      0,
      1
    ],
    [
      0,
      3
    ],
    [
      0,
      6
    ],
    [
      1,
      2
    ],
    [
      1,
      5
    ],
    [
      1,
      6
    ],
    [
      2,
      4
    ],
    [
      2,
      5
    ],
    [
      3,
      4
    ],
    [
      3,
      6
    ],
    [
      4,
      5
    ]
  ]
}