{
  "nodes": [
    [
      -0.5748305821866958,
      -0.054097871469402384
    ],
    [
      0.24050781678816635,
      0.5248261013971343
    ],
    [
      0.33432276539852945,
      -0.4707282299277318
    ]
  ],
  "edges": [
    [
      0,
      1
    ],
    [
      0,
      2
    ],
    [
      1,
      2
    ]
  ]
}